{
    "onsite": {},
    "hopping": {
        "N-N-2s-2s-0": [
            0.0014104131842032075,
            0.0014066302683204412
        ],
        "N-N-2s-2p-0": [
            0.0001353615225525573,
            -0.00023137037351261824
        ],
        "N-N-2p-2p-0": [
            -0.0004482425865717232,
            -0.0022579680662602186
        ],
        "N-N-2p-2p-1": [
            0.00015436793910339475,
            0.001146753435023129
        ],
        "N-B-2s-2s-0": [
            0.2032429724931717,
            0.15493951737880707
        ],
        "N-B-2s-2p-0": [
            -0.25506970286369324,
            0.17614951729774475
        ],
        "N-B-2p-2s-0": [
            -0.23442554473876953,
            -0.2622808814048767
        ],
        "N-B-2p-2p-0": [
            -0.2475421279668808,
            -0.18929800391197205
        ],
        "N-B-2p-2p-1": [
            0.12357965856790543,
            -0.0273541659116745
        ],
        "B-B-2s-2s-0": [
            0.00028323789592832327,
            -0.0005719164619222283
        ],
        "B-B-2s-2p-0": [
            -0.00013202162517700344,
            -0.0012139735044911504
        ],
        "B-B-2p-2p-0": [
            0.0016095605678856373,
            0.00020209889044053853
        ],
        "B-B-2p-2p-1": [
            0.0006359077524393797,
            0.0014061961555853486
        ]
    }
}