{
    "onsite": {
        "Sn-Sn-5s-5s-0": [
            -0.038611799478530884,
            0.016927437856793404
        ],
        "Sn-Sn-5s-5p-0": [
            0.0009930215310305357,
            0.002360452665016055
        ],
        "Sn-Sn-5s-d*-0": [
            -0.03487678989768028,
            0.01353339571505785
        ],
        "Sn-Sn-5p-5p-0": [
            0.00022634261404164135,
            0.007656915578991175
        ],
        "Sn-Sn-5p-5p-1": [
            -0.0007022781064733863,
            0.00929534062743187
        ],
        "Sn-Sn-5p-d*-0": [
            0.0654650330543518,
            0.011522607877850533
        ],
        "Sn-Sn-5p-d*-1": [
            -0.06351790577173233,
            0.017898323014378548
        ],
        "Sn-Sn-d*-d*-0": [
            0.16382980346679688,
            0.03298000991344452
        ],
        "Sn-Sn-d*-d*-1": [
            -0.032462239265441895,
            0.002427774714305997
        ],
        "Sn-Sn-d*-d*-2": [
            0.06704210489988327,
            0.020313678309321404
        ]
    },
    "hopping": {
        "Sn-Sn-5s-5s-0": [
            0.09034653007984161,
            4.981625080108643
        ],
        "Sn-Sn-5s-5p-0": [
            -0.08847752958536148,
            3.945641279220581
        ],
        "Sn-Sn-5s-d*-0": [
            0.04058742895722389,
            1.8717225790023804
        ],
        "Sn-Sn-5p-5p-0": [
            -0.17005598545074463,
            5.061517238616943
        ],
        "Sn-Sn-5p-5p-1": [
            0.15906299650669098,
            5.932726860046387
        ],
        "Sn-Sn-5p-d*-0": [
            0.06335929036140442,
            2.620478630065918
        ],
        "Sn-Sn-5p-d*-1": [
            -0.1556788682937622,
            4.7702765464782715
        ],
        "Sn-Sn-d*-d*-0": [
            0.2160336822271347,
            4.991479873657227
        ],
        "Sn-Sn-d*-d*-1": [
            -0.24991394579410553,
            9.51675796508789
        ],
        "Sn-Sn-d*-d*-2": [
            0.131087526679039,
            3.5013370513916016
        ]
    }
}