{
    "onsite": {
        "C-C-2s-2s-0": [
            0.02238207310438156,
            -0.03102305717766285,
            -0.031634166836738586,
            0.02241048775613308
        ],
        "C-C-2s-2p-0": [
            0.08969944715499878,
            -0.14918412268161774,
            -0.15266579389572144,
            0.11017948389053345
        ],
        "C-C-2s-s*-0": [
            0.0746118575334549,
            -0.03982721269130707,
            -0.039162762463092804,
            0.02306264452636242
        ],
        "C-C-2p-2p-0": [
            0.07588919252157211,
            -0.01426197774708271,
            -0.012463019229471684,
            0.0024752947501838207
        ],
        "C-C-2p-2p-1": [
            -0.040378957986831665,
            0.033405840396881104,
            0.03354688361287117,
            -0.022200174629688263
        ],
        "C-C-2p-s*-0": [
            0.018827145919203758,
            -0.01037061307579279,
            -0.010215695016086102,
            0.006094751413911581
        ],
        "C-C-s*-s*-0": [
            0.019435115158557892,
            -0.010455036535859108,
            -0.010281968861818314,
            0.006147648207843304
        ]
    },
    "hopping": {
        "C-C-2s-2s-0": [
            -0.536716639995575,
            0.7227422595024109,
            -0.36326056718826294,
            -2.4625213146209717
        ],
        "C-C-2s-2p-0": [
            0.9087386131286621,
            -1.1003038883209229,
            0.2933543622493744,
            3.6257076263427734
        ],
        "C-C-2s-s*-0": [
            -0.011539281345903873,
            0.013487727381289005,
            -0.0038155934307724237,
            -0.0459282249212265
        ],
        "C-C-2p-2p-0": [
            1.0021802186965942,
            -1.2558856010437012,
            0.20973677933216095,
            4.0578508377075195
        ],
        "C-C-2p-2p-1": [
            -0.4143103361129761,
            0.8289172649383545,
            -0.45082420110702515,
            -2.775824546813965
        ],
        "C-C-2p-s*-0": [
            -0.038557883352041245,
            0.05445533245801926,
            -0.017859725281596184,
            -0.17207461595535278
        ],
        "C-C-s*-s*-0": [
            -0.023466194048523903,
            0.024173498153686523,
            -0.0066698347218334675,
            -0.08832062035799026
        ]
    }
}