{
    "onsite": {
        "N-N-2s-2s-0": [
            0.02462027035653591,
            0.007205560803413391
        ],
        "N-N-2s-2p-0": [
            0.008309782482683659,
            -0.007032226305454969
        ],
        "N-N-2p-2p-0": [
            0.012606431730091572,
            0.010783562436699867
        ],
        "N-N-2p-2p-1": [
            0.0068643586710095406,
            -0.011892829090356827
        ],
        "N-B-2s-2s-0": [
            -0.04224028065800667,
            -0.10119548439979553
        ],
        "N-B-2s-2p-0": [
            7.6054463386535645,
            -9.169344902038574
        ],
        "N-B-2p-2p-0": [
            0.17312869429588318,
            0.29431143403053284
        ],
        "N-B-2p-2p-1": [
            -0.042200591415166855,
            0.059971876442432404
        ],
        "B-N-2s-2s-0": [
            -0.04109101742506027,
            -0.04860552027821541
        ],
        "B-N-2s-2p-0": [
            8.75520133972168,
            10.791441917419434
        ],
        "B-N-2p-2p-0": [
            0.2367773801088333,
            -0.42331817746162415
        ],
        "B-N-2p-2p-1": [
            -0.027471385896205902,
            0.012536631897091866
        ],
        "B-B-2s-2s-0": [
            -0.007172069512307644,
            0.007495054975152016
        ],
        "B-B-2s-2p-0": [
            0.004442985635250807,
            0.0030813836492598057
        ],
        "B-B-2p-2p-0": [
            -0.0013882589992135763,
            -6.591381679754704e-05
        ],
        "B-B-2p-2p-1": [
            -0.009361814707517624,
            -0.017272837460041046
        ]
    },
    "hopping": {
        "N-N-2s-2s-0": [
            0.04094632714986801,
            -0.20964817702770233
        ],
        "N-N-2s-2p-0": [
            0.03480711951851845,
            0.5132420063018799
        ],
        "N-N-2p-2p-0": [
            0.004345648922026157,
            0.5657529830932617
        ],
        "N-N-2p-2p-1": [
            -0.0022365646436810493,
            -0.5850748419761658
        ],
        "N-B-2s-2s-0": [
            0.09340455383062363,
            0.16071192920207977
        ],
        "N-B-2s-2p-0": [
            -0.09285145252943039,
            -0.29444506764411926
        ],
        "N-B-2p-2s-0": [
            -0.1379723995923996,
            -1.2884507179260254
        ],
        "N-B-2p-2p-0": [
            -0.23473897576332092,
            2.8849337100982666
        ],
        "N-B-2p-2p-1": [
            0.04817120358347893,
            -2.4368553161621094
        ],
        "B-B-2s-2s-0": [
            0.0024713831953704357,
            -0.39393287897109985
        ],
        "B-B-2s-2p-0": [
            -0.03836427256464958,
            0.6671399474143982
        ],
        "B-B-2p-2p-0": [
            -0.033428456634283066,
            0.648228645324707
        ],
        "B-B-2p-2p-1": [
            0.0034026235807687044,
            -0.5082147717475891
        ]
    }
}