{
    "version": 2,
    "unit": "eV",
    "model_options": {
        "nnsk": {
            "onsite": {
                "method": "uniform"
            },
            "hopping": {
                "method": "poly2pow",
                "rs": 5.3,
                "w": 0.2
            },
            "soc": {},
            "freeze": false,
            "push": false,
            "std": 0.01
        }
    },
    "common_options": {
        "basis": {
            "Mo": [
                "5s",
                "5p",
                "4d"
            ],
            "S": [
                "3s",
                "3p",
                "d*"
            ]
        },
        "dtype": "float32",
        "device": "cpu",
        "overlap": true
    },
    "model_params": {
        "onsite": {
            "S-3s-0": [
                0.029567718505859375
            ],
            "S-3p-0": [
                0.09703540802001953
            ],
            "S-d*-0": [
                1.1436103582382202
            ],
            "Mo-5s-0": [
                -0.5502066612243652
            ],
            "Mo-5p-0": [
                -0.2561386823654175
            ],
            "Mo-4d-0": [
                -1.7163684368133545
            ]
        },
        "hopping": {
            "S-S-3s-3s-0": [
                -3.988490104675293,
                3.846801996231079,
                -0.9654407501220703,
                1.4616715908050537
            ],
            "S-S-3s-3p-0": [
                -5.1240234375,
                -10.403068542480469,
                5.301791667938232,
                5.521232604980469
            ],
            "S-S-3s-d*-0": [
                -4.547857761383057,
                -10.336722373962402,
                4.7629876136779785,
                4.430088520050049
            ],
            "S-S-3p-3p-0": [
                5.210143566131592,
                11.23276424407959,
                -5.245471954345703,
                -4.638615131378174
            ],
            "S-S-3p-3p-1": [
                -1.749016284942627,
                1.634739875793457,
                -0.40167421102523804,
                1.5605664253234863
            ],
            "S-S-3p-d*-0": [
                2.4728381633758545,
                6.59735631942749,
                -2.612334966659546,
                -3.142644166946411
            ],
            "S-S-3p-d*-1": [
                -2.3993465900421143,
                2.1443021297454834,
                -0.5079108476638794,
                0.3515457808971405
            ],
            "S-S-d*-d*-0": [
                -0.16117192804813385,
                3.1505773067474365,
                -6.390539169311523,
                4.596012115478516
            ],
            "S-S-d*-d*-1": [
                0.4888738989830017,
                2.296787738800049,
                -0.899570882320404,
                2.2795536518096924
            ],
            "S-S-d*-d*-2": [
                -0.5104089975357056,
                0.43128013610839844,
                -0.09481960535049438,
                -0.003957700915634632
            ],
            "Mo-S-5s-3s-0": [
                -5.061765670776367,
                -8.276494979858398,
                3.780851125717163,
                4.306025505065918
            ],
            "Mo-S-5s-3p-0": [
                -3.252683162689209,
                -7.05399751663208,
                2.6406660079956055,
                3.475198745727539
            ],
            "Mo-S-5p-3s-0": [
                -7.395276069641113,
                -13.19649600982666,
                5.441361904144287,
                3.8082258701324463
            ],
            "Mo-S-5s-d*-0": [
                -0.19975018501281738,
                -2.6629059314727783,
                0.5629613995552063,
                -1.9539809226989746
            ],
            "Mo-S-4d-3s-0": [
                4.120126247406006,
                6.00173282623291,
                -2.9675498008728027,
                4.910078048706055
            ],
            "Mo-S-5p-3p-0": [
                3.035097122192383,
                9.133256912231445,
                -2.765479564666748,
                2.864177942276001
            ],
            "Mo-S-5p-3p-1": [
                -2.0767710208892822,
                -3.0852503776550293,
                1.3951870203018188,
                -4.331300735473633
            ],
            "Mo-S-5p-d*-0": [
                -0.6744595766067505,
                0.16234523057937622,
                2.9911837577819824,
                -3.1325721740722656
            ],
            "Mo-S-4d-3p-0": [
                -3.816760540008545,
                -5.765882968902588,
                2.4948432445526123,
                4.198153972625732
            ],
            "Mo-S-5p-d*-1": [
                -0.7239727973937988,
                -1.7537341117858887,
                0.561926007270813,
                -2.5087006092071533
            ],
            "Mo-S-4d-3p-1": [
                2.1678225994110107,
                -2.0093576908111572,
                0.5057445168495178,
                1.2003833055496216
            ],
            "Mo-S-4d-d*-0": [
                2.0259461402893066,
                2.630833148956299,
                -0.8459087610244751,
                -2.9972777366638184
            ],
            "Mo-S-4d-d*-1": [
                -2.3914389610290527,
                -2.9806249141693115,
                1.373453140258789,
                -4.349756240844727
            ],
            "Mo-S-4d-d*-2": [
                0.7078894376754761,
                -0.6535987854003906,
                0.164456307888031,
                1.4794031381607056
            ],
            "Mo-Mo-5s-5s-0": [
                -2.611189126968384,
                -4.698156833648682,
                0.8713149428367615,
                -3.0657780170440674
            ],
            "Mo-Mo-5s-5p-0": [
                -1.6258084774017334,
                -4.797120094299316,
                -0.1770239919424057,
                -2.672306776046753
            ],
            "Mo-Mo-5s-4d-0": [
                1.3621846437454224,
                3.7283174991607666,
                -1.0768699645996094,
                -3.1121277809143066
            ],
            "Mo-Mo-5p-5p-0": [
                -0.5096842050552368,
                3.0404796600341797,
                0.49167802929878235,
                -1.2613836526870728
            ],
            "Mo-Mo-5p-5p-1": [
                -1.1901047229766846,
                -1.9510560035705566,
                0.4311041235923767,
                -2.981839418411255
            ],
            "Mo-Mo-5p-4d-0": [
                -0.8680566549301147,
                -4.407283306121826,
                0.7881664037704468,
                -2.605191707611084
            ],
            "Mo-Mo-5p-4d-1": [
                1.7786517143249512,
                2.4990432262420654,
                -0.9853957891464233,
                -3.888031005859375
            ],
            "Mo-Mo-4d-4d-0": [
                -3.0274829864501953,
                -3.131361246109009,
                1.1207696199417114,
                -4.166589736938477
            ],
            "Mo-Mo-4d-4d-1": [
                2.5446760654449463,
                -2.366640567779541,
                0.6238687038421631,
                -0.9843900203704834
            ],
            "Mo-Mo-4d-4d-2": [
                -0.5898724794387817,
                0.5668452382087708,
                -0.15251317620277405,
                2.1517105102539062
            ]
        },
        "overlap": {
            "S-S-3s-3s-0": [
                0.1215323731303215,
                0.28488674759864807,
                -0.1540108323097229,
                -6.680230140686035
            ],