{
    "onsite": {
        "Si-3s-0": [
            -0.0532,
            -0.9076,
            -8.8308,
            56.5661
        ],
        "Si-3p-0": [
            0.3579,
            0.3036,
            7.0922,
            -77.4786
        ]
    },
    "hopping": {
        "Si-Si-3s-3s-0": [
            219.5608,
            -30.638346120412717,
            -55.368419367708185,
            1.7381320837923295
        ],
        "Si-Si-3s-3p-0": [
            10.1279,
            -8.322121017423184,
            0.8095518623570257,
            1.2684075242922987
        ],
        "Si-Si-3p-3p-0": [
            -22.959,
            3.2518235760988703,
            5.0676446752133,
            1.4178340961906113
        ],
        "Si-Si-3p-3p-1": [
            10.2654,
            8.828375977928117,
            -7.9141104426803714,
            1.5276701872179814
        ]
    },
    "overlap": {
        "Si-Si-3s-3s-0": [
            9.746400090706377,
            2.356877940695355,
            -0.549980565032782,
            1.523271244898988
        ],
        "Si-Si-3s-3p-0": [
            16.768585358479157,
            -57.99633827158351,
            34.97134088551394,
            1.7055524172422833
        ],
        "Si-Si-3p-3p-0": [
            21.26025171019313,
            -4.178458906678234,
            -7.14704805430944,
            1.5638239944022099
        ],
        "Si-Si-3p-3p-1": [
            -1308.0316716429193,
            1414.6738457816289,
            -93.2416130450424,
            2.161667748942928
        ]
    }
}