{
    "version":1,
    "unit": "Hartree",
    "onsite": {
        "As-4s-0": [
            -0.18473201990127563
        ],
        "As-4p-0": [
            -0.11357007175683975
        ],
        "As-d*-0": [
            0.3511451780796051
        ],
        "Al-3s-0": [
            -0.18422652781009674
        ],
        "Al-3p-0": [
            -0.13763460516929626
        ],
        "Al-d*-0": [
            0.312237948179245
        ]
    },
    "hopping": {
        "As-As-4s-4s-0": [
            -0.03229105472564697,
            0.07646925002336502
        ],
        "As-As-4s-4p-0": [
            -0.0738883689045906,
            0.5035997629165649
        ],
        "As-As-4s-d*-0": [
            0.07086940854787827,
            -0.260450541973114
        ],
        "As-As-4p-4p-0": [
            0.024703392758965492,
            0.32161980867385864
        ],
        "As-As-4p-4p-1": [
            -0.03644459694623947,
            0.16677069664001465
        ],
        "As-As-4p-d*-0": [
            0.1958223581314087,
            0.40328601002693176
        ],
        "As-As-4p-d*-1": [
            0.08628051728010178,
            0.2711496651172638
        ],
        "As-As-d*-d*-0": [
            0.27534937858581543,
            0.0003734314814209938
        ],
        "As-As-d*-d*-1": [
            0.110753633081913,
            0.16355712711811066
        ],
        "As-As-d*-d*-2": [
            0.12722206115722656,
            -0.039639703929424286
        ],
        "As-Al-4s-3s-0": [
            -0.025742273777723312,
            -0.11441828310489655
        ],
        "As-Al-4s-3p-0": [
            -0.049512267112731934,
            1.6552401781082153
        ],
        "As-Al-4s-d*-0": [
            -0.09634136408567429,
            2.5665485858917236
        ],
        "As-Al-4p-3s-0": [
            0.056806981563568115,
            0.8666085600852966
        ],
        "As-Al-4p-3p-0": [
            -0.1331755518913269,
            -1.1635133028030396
        ],
        "As-Al-4p-3p-1": [
            0.03740769997239113,
            1.13713800907135
        ],
        "As-Al-4p-d*-0": [
            -0.08070402592420578,
            -0.8778209090232849
        ],
        "As-Al-4p-d*-1": [
            -0.13577908277511597,
            -0.809020459651947
        ],
        "As-Al-d*-3s-0": [
            0.02246418036520481,
            0.8542388677597046
        ],
        "As-Al-d*-3p-0": [
            0.04696977138519287,
            1.3259025812149048
        ],
        "As-Al-d*-3p-1": [
            -0.10509342700242996,
            0.9280414581298828
        ],
        "As-Al-d*-d*-0": [
            -0.11534512042999268,
            2.6582839488983154
        ],
        "As-Al-d*-d*-1": [
            -0.12264155596494675,
            2.319368839263916
        ],
        "As-Al-d*-d*-2": [
            -0.06880699843168259,
            -2.0110905170440674
        ],
        "Al-Al-3s-3s-0": [
            0.004638504236936569,
            -0.1594972312450409
        ],
        "Al-Al-3s-3p-0": [
            0.009839839302003384,
            -0.14930647611618042
        ],
        "Al-Al-3s-d*-0": [
            -0.016385892406105995,
            -0.23952551186084747
        ],
        "Al-Al-3p-3p-0": [
            -0.012722501531243324,
            0.18276041746139526
        ],
        "Al-Al-3p-3p-1": [
            -0.0111026456579566,
            -0.6023564338684082
        ],
        "Al-Al-3p-d*-0": [
            0.05398454889655113,
            0.1921117901802063
        ],
        "Al-Al-3p-d*-1": [
            -0.03137310594320297,
            0.5512192845344543
        ],
        "Al-Al-d*-d*-0": [
            -0.0012715273769572377,
            -0.5702048540115356
        ],
        "Al-Al-d*-d*-1": [
            0.08672016113996506,
            -0.4915500283241272
        ],
        "Al-Al-d*-d*-2": [
            0.13479098677635193,
            0.0929788202047348
        ]
    }
}