{
    "onsite": {
        "N-N-2s-2s-0": [
            0.02462027035653591,
            0.007205560803413391
        ],
        "N-N-2s-2p-0": [
            0.008309782482683659,
            -0.007032226305454969
        ],
        "N-N-2p-2p-0": [
            0.012606431730091572,
            0.010783562436699867
        ],
        "N-N-2p-2p-1": [
            0.0068643586710095406,
            -0.011892829090356827
        ],
        "N-B-2s-2s-0": [
            0.041020166128873825,
            -0.007834071293473244
        ],
        "N-B-2s-2p-0": [
            26.214815139770508,
            -28.22139549255371
        ],
        "N-B-2p-2p-0": [
            0.2541739046573639,
            0.3701082468032837
        ],
        "N-B-2p-2p-1": [
            -0.052932459861040115,
            0.03325718641281128
        ],
        "B-N-2s-2s-0": [
            -0.10863762348890305,
            -0.10621777176856995
        ],
        "B-N-2s-2p-0": [
            24.486974716186523,
            26.85447883605957
        ],
        "B-N-2p-2p-0": [
            0.13345032930374146,
            -0.3127709925174713
        ],
        "B-N-2p-2p-1": [
            -0.03844165802001953,
            0.00011800970969488844
        ],
        "B-B-2s-2s-0": [
            -0.007172069512307644,
            0.007495054975152016
        ],
        "B-B-2s-2p-0": [
            0.004442985635250807,
            0.0030813836492598057
        ],
        "B-B-2p-2p-0": [
            -0.0013882589992135763,
            -6.591381679754704e-05
        ],
        "B-B-2p-2p-1": [
            -0.009361814707517624,
            -0.017272837460041046
        ]
    },
    "hopping": {
        "N-N-2s-2s-0": [
            0.05967297405004501,
            -0.21457917988300323
        ],
        "N-N-2s-2p-0": [
            0.042178086936473846,
            0.5767796635627747
        ],
        "N-N-2p-2p-0": [
            0.1008036881685257,
            0.5027011632919312
        ],
        "N-N-2p-2p-1": [
            -0.005753065925091505,
            -1.0040007829666138
        ],
        "N-B-2s-2s-0": [
            0.06605493277311325,
            2.485130786895752
        ],
        "N-B-2s-2p-0": [
            -0.19711704552173615,
            -1.884203314781189
        ],
        "N-B-2p-2s-0": [
            -0.06678403168916702,
            -2.8326284885406494
        ],
        "N-B-2p-2p-0": [
            -0.2129121571779251,
            3.601222276687622
        ],
        "N-B-2p-2p-1": [
            0.034046269953250885,
            -4.79115104675293
        ],
        "B-B-2s-2s-0": [
            -0.061647042632102966,
            -0.4071168601512909
        ],
        "B-B-2s-2p-0": [
            0.048091448843479156,
            0.8385105729103088
        ],
        "B-B-2p-2p-0": [
            -0.11344866454601288,
            0.5754562020301819
        ],
        "B-B-2p-2p-1": [
            0.007624409161508083,
            -0.7790966033935547
        ]
    }
}