{
    "onsite": {
        "N-N-2s-2s-0": [
            0.02462027035653591,
            0.007205560803413391
        ],
        "N-N-2s-2p-0": [
            0.008309782482683659,
            -0.007032226305454969
        ],
        "N-N-2p-2p-0": [
            0.012606431730091572,
            0.010783562436699867
        ],
        "N-N-2p-2p-1": [
            0.0068643586710095406,
            -0.011892829090356827
        ],
        "N-B-2s-2s-0": [
            0.04214511066675186,
            -0.008639405481517315
        ],
        "N-B-2s-2p-0": [
            27.198198318481445,
            -29.205812454223633
        ],
        "N-B-2p-2p-0": [
            0.25314557552337646,
            0.36902907490730286
        ],
        "N-B-2p-2p-1": [
            -0.05259506404399872,
            0.032580915838479996
        ],
        "B-N-2s-2s-0": [
            -0.10845629125833511,
            -0.10595487803220749
        ],
        "B-N-2s-2p-0": [
            25.43110466003418,
            27.799213409423828
        ],
        "B-N-2p-2p-0": [
            0.1296519935131073,
            -0.30887097120285034
        ],
        "B-N-2p-2p-1": [
            -0.03864408656954765,
            0.0001950322330230847
        ],
        "B-B-2s-2s-0": [
            -0.007172069512307644,
            0.007495054975152016
        ],
        "B-B-2s-2p-0": [
            0.004442985635250807,
            0.0030813836492598057
        ],
        "B-B-2p-2p-0": [
            -0.0013882589992135763,
            -6.591381679754704e-05
        ],
        "B-B-2p-2p-1": [
            -0.009361814707517624,
            -0.017272837460041046
        ]
    },
    "hopping": {
        "N-N-2s-2s-0": [
            0.05947042256593704,
            -0.21499945223331451
        ],
        "N-N-2s-2p-0": [
            0.042001720517873764,
            0.5772874355316162
        ],
        "N-N-2p-2p-0": [
            0.09985623508691788,
            0.5037755966186523
        ],
        "N-N-2p-2p-1": [
            -0.005762326996773481,
            -1.0066444873809814
        ],
        "N-B-2s-2s-0": [
            0.06519537419080734,
            2.536569833755493
        ],
        "N-B-2s-2p-0": [
            -0.19702155888080597,
            -1.8962527513504028
        ],
        "N-B-2p-2s-0": [
            -0.06695137917995453,
            -2.8782386779785156
        ],
        "N-B-2p-2p-0": [
            -0.21186737716197968,
            3.5836548805236816
        ],
        "N-B-2p-2p-1": [
            0.03394816815853119,
            -4.820151329040527
        ],
        "B-B-2s-2s-0": [
            -0.06274746358394623,
            -0.4062250256538391
        ],
        "B-B-2s-2p-0": [
            0.04960089176893234,
            0.8373427391052246
        ],
        "B-B-2p-2p-0": [
            -0.1118258461356163,
            0.5772069096565247
        ],
        "B-B-2p-2p-1": [
            0.0075691379606723785,
            -0.7808482050895691
        ]
    }
}