{
    "version": 2,
    "unit": "eV",
    "model_options": {
        "nnsk": {
            "onsite": {
                "method": "strain",
                "rs": 6.0,
                "w": 0.1
            },
            "hopping": {
                "method": "powerlaw",
                "rs": 6.0,
                "w": 0.1
            },
            "soc": {},
            "freeze": false,
            "push": false,
            "std": 0.01
        }
    },
    "common_options": {
        "basis": {
            "Sn": [
                "5s",
                "5p",
                "d*"
            ]
        },
        "dtype": "float32",
        "device": "cpu",
        "overlap": false
    },
    "model_params": {
        "onsite": {
            "Sn-Sn-5s-5s-0": [
                -1.0437240600585938,
                0.024461524561047554
            ],
            "Sn-Sn-5s-5p-0": [
                0.026597194373607635,
                0.0023608284536749125
            ],
            "Sn-Sn-5s-d*-0": [
                -0.9605602622032166,
                0.0122743034735322
            ],
            "Sn-Sn-5p-5p-0": [
                0.018627559766173363,
                0.08543068170547485
            ],
            "Sn-Sn-5p-5p-1": [
                -0.006538566201925278,
                0.11845509707927704
            ],
            "Sn-Sn-5p-d*-0": [
                1.784099817276001,
                0.008899045176804066
            ],
            "Sn-Sn-5p-d*-1": [
                -1.7311159372329712,
                0.015285683795809746
            ],
            "Sn-Sn-d*-d*-0": [
                4.450246334075928,
                0.04139288514852524
            ],
            "Sn-Sn-d*-d*-1": [
                -0.8904329538345337,
                -0.010143177583813667
            ],
            "Sn-Sn-d*-d*-2": [
                1.8173238039016724,
                0.02921443060040474
            ]
        },
        "hopping": {
            "Sn-Sn-5s-5s-0": [
                2.4554977416992188,
                4.978429794311523
            ],
            "Sn-Sn-5s-5p-0": [
                -2.3794806003570557,
                3.951272487640381
            ],
            "Sn-Sn-5s-d*-0": [
                1.1841212511062622,
                2.0651371479034424
            ],
            "Sn-Sn-5p-5p-0": [
                -4.605160713195801,
                4.989840030670166
            ],
            "Sn-Sn-5p-5p-1": [
                4.340340614318848,
                5.933770656585693
            ],
            "Sn-Sn-5p-d*-0": [
                1.687296748161316,
                2.519829750061035
            ],
            "Sn-Sn-5p-d*-1": [
                -4.228286266326904,
                4.792359352111816
            ],
            "Sn-Sn-d*-d*-0": [
                5.923538684844971,
                5.044163703918457
            ],
            "Sn-Sn-d*-d*-1": [
                -6.847520351409912,
                9.556588172912598
            ],
            "Sn-Sn-d*-d*-2": [
                3.576460599899292,
                3.640528917312622
            ]
        }
    }
}