{
    "version":1,
    "onsite": {
        "Sn-Sn-5s-5s-0": [
            -0.038610175251960754,
            0.01692907139658928
        ],
        "Sn-Sn-5s-5p-0": [
            0.0009845065651461482,
            0.002360452665016055
        ],
        "Sn-Sn-5s-d*-0": [
            -0.034902140498161316,
            0.01353325042873621
        ],
        "Sn-Sn-5p-5p-0": [
            0.00018320737581234425,
            0.007715690415352583
        ],
        "Sn-Sn-5p-5p-1": [
            -0.000745413766708225,
            0.009257183410227299
        ],
        "Sn-Sn-5p-d*-0": [
            0.06545441597700119,
            0.011533352546393871
        ],
        "Sn-Sn-5p-d*-1": [
            -0.06350728869438171,
            0.01790907233953476
        ],
        "Sn-Sn-d*-d*-0": [
            0.1638483703136444,
            0.03296149522066116
        ],
        "Sn-Sn-d*-d*-1": [
            -0.032403428107500076,
            0.002486807992681861
        ],
        "Sn-Sn-d*-d*-2": [
            0.06710170954465866,
            0.020254231989383698
        ]
    },
    "hopping": {
        "Sn-Sn-5s-5s-0": [
            0.09037071466445923,
            4.981685638427734
        ],
        "Sn-Sn-5s-5p-0": [
            -0.0884244292974472,
            3.945561408996582
        ],
        "Sn-Sn-5s-d*-0": [
            0.040589917451143265,
            1.8719035387039185
        ],
        "Sn-Sn-5p-5p-0": [
            -0.17006495594978333,
            5.061470031738281
        ],
        "Sn-Sn-5p-5p-1": [
            0.15913942456245422,
            5.932611465454102
        ],
        "Sn-Sn-5p-d*-0": [
            0.06332559138536453,
            2.6202099323272705
        ],
        "Sn-Sn-5p-d*-1": [
            -0.15563252568244934,
            4.770327568054199
        ],
        "Sn-Sn-d*-d*-0": [
            0.21614009141921997,
            4.9915032386779785
        ],
        "Sn-Sn-d*-d*-1": [
            -0.24984332919120789,
            9.516863822937012
        ],
        "Sn-Sn-d*-d*-2": [
            0.13099931180477142,
            3.501600742340088
        ]
    }
}