{
    "onsite": {
        "N-N-2s-2s-0": [
            0.003586928592994809,
            0.06484362483024597,
            0.06295152753591537,
            -0.022620344534516335
        ],
        "N-N-2s-2p-0": [
            -0.005132569465786219,
            0.0005616514827124774,
            -0.0005920712719671428,
            -0.0004416569136083126
        ],
        "N-N-2p-2p-0": [
            0.0026412582956254482,
            0.0709737092256546,
            0.07378633320331573,
            0.020185653120279312
        ],
        "N-N-2p-2p-1": [
            -0.007660652045160532,
            0.056334029883146286,
            0.05373607203364372,
            -0.04427500441670418
        ],
        "N-B-2s-2s-0": [
            0.006307772360742092,
            0.10644006729125977,
            0.11187001317739487,
            0.13214166462421417
        ],
        "N-B-2s-2p-0": [
            -0.10493308305740356,
            -0.01819811388850212,
            -0.0046126521192491055,
            0.0017278492450714111
        ],
        "N-B-2p-2p-0": [
            0.001491644885390997,
            0.11118006706237793,
            0.11154098808765411,
            0.17922304570674896
        ],
        "N-B-2p-2p-1": [
            -0.008619191125035286,
            0.06642748415470123,
            0.05834752321243286,
            -0.041243523359298706
        ],
        "B-N-2s-2s-0": [
            -0.005243950057774782,
            0.15304158627986908,
            0.15320177376270294,
            0.15365591645240784
        ],
        "B-N-2s-2p-0": [
            0.37535831332206726,
            -0.18820717930793762,
            -0.14055900275707245,
            0.01737661100924015
        ],
        "B-N-2p-2p-0": [
            -0.03710181266069412,
            0.06200391799211502,
            0.05886979028582573,
            -0.011927003040909767
        ],
        "B-N-2p-2p-1": [
            0.01480806153267622,
            0.11323149502277374,
            0.11116740852594376,
            0.006985570304095745
        ],
        "B-B-2s-2s-0": [
            -0.0026644119061529636,
            0.13000699877738953,
            0.13590210676193237,
            0.1793431043624878
        ],
        "B-B-2s-2p-0": [
            0.016846440732479095,
            0.0011788192205131054,
            -0.001269816653802991,
            -0.002111253794282675
        ],
        "B-B-2p-2p-0": [
            -0.03402616083621979,
            0.07940684258937836,
            0.07920240610837936,
            0.009494181722402573
        ],
        "B-B-2p-2p-1": [
            0.015082093887031078,
            0.11597909033298492,
            0.11225539445877075,
            0.016667591407895088
        ]
    },
    "hopping": {
        "N-N-2s-2s-0": [
            -0.041408032178878784,
            0.076180599629879,
            0.07483494281768799,
            -0.022452104836702347
        ],
        "N-N-2s-2p-0": [
            -0.042466893792152405,
            0.01606394164264202,
            0.016241678968071938,
            -0.17169152200222015
        ],
        "N-N-2p-2p-0": [
            0.032290972769260406,
            0.07400000095367432,
            0.07148345559835434,
            0.011673982255160809
        ],
        "N-N-2p-2p-1": [
            -0.020530257374048233,
            0.11264028400182724,
            0.1112501248717308,
            0.0026701674796640873
        ],
        "N-B-2s-2s-0": [
            -0.05535763502120972,
            -0.11565914005041122,
            -0.03331143781542778,
            0.09391939640045166
        ],
        "N-B-2s-2p-0": [
            -0.10941152274608612,
            0.06074492260813713,
            -0.038560640066862106,
            -0.17254532873630524
        ],
        "N-B-2p-2s-0": [
            0.05239930748939514,
            0.1755143404006958,
            0.0004890255513601005,
            0.07966797053813934
        ],
        "N-B-2p-2p-0": [
            -0.06775377690792084,
            -0.03951086103916168,
            -0.021769221872091293,
            -0.008266882970929146
        ],
        "N-B-2p-2p-1": [
            0.031544268131256104,
            0.09028331190347672,
            0.014308260753750801,
            -0.09348049014806747
        ],
        "B-B-2s-2s-0": [
            0.11511577665805817,
            -0.12418857961893082,
            -0.12105356156826019,
            0.012397026643157005
        ],
        "B-B-2s-2p-0": [
            0.09990152716636658,
            -0.015570533461868763,
            -0.017351914197206497,
            -0.12952129542827606
        ],
        "B-B-2p-2p-0": [
            0.02017490565776825,
            0.02832825854420662,
            0.027720078825950623,
            -0.06525927037000656
        ],
        "B-B-2p-2p-1": [
            0.014796650037169456,
            0.16937212646007538,
            0.16924616694450378,
            0.15401263535022736
        ]
    }
}