{
    "onsite": {
        "N-2s-0": [
            -0.0393669530749321
        ],
        "N-2p-0": [
            0.03758857771754265
        ],
        "N-2p-1": [
            0.03649122640490532
        ],
        "N-2p-2": [
            0.02069975808262825
        ],
        "B-2s-0": [
            0.015681957826018333
        ],
        "B-2p-0": [
            -0.011719247326254845
        ],
        "B-2p-1": [
            0.03040580451488495
        ],
        "B-2p-2": [
            0.013979283161461353
        ]
    },
    "hopping": {
        "N-N-2s-2s-0": [
            0.0133387865498662,
            0.0025367499329149723,
            0.0021813162602484226,
            -0.002491484861820936
        ],
        "N-N-2s-2p-0": [
            0.0412311777472496,
            -0.018754765391349792,
            -0.019351745024323463,
            -0.01486346684396267
        ],
        "N-N-2p-2p-0": [
            0.014721986837685108,
            0.020470771938562393,
            0.020207934081554413,
            0.0067774527706205845
        ],
        "N-N-2p-2p-1": [
            -0.0037932642735540867,
            0.02164813131093979,
            0.02192974090576172,
            -0.02866678312420845
        ],
        "N-B-2s-2s-0": [
            -0.044004637748003006,
            -0.0415041446685791,
            -0.0419352762401104,
            0.030388548970222473
        ],
        "N-B-2s-2p-0": [
            -0.01823948137462139,
            0.02336752973496914,
            0.03160915523767471,
            0.007694234140217304
        ],
        "N-B-2p-2s-0": [
            -0.008543647825717926,
            0.03213614970445633,
            0.031258683651685715,
            0.02304844558238983
        ],
        "N-B-2p-2p-0": [
            0.03893205150961876,
            -0.019461464136838913,
            -0.01801895909011364,
            -0.0041107069700956345
        ],
        "N-B-2p-2p-1": [
            0.0030183489434421062,
            0.03260482847690582,
            0.032109640538692474,
            0.02090534195303917
        ],
        "B-B-2s-2s-0": [
            0.03003181889653206,
            0.012262238189578056,
            0.012293726205825806,
            9.65641374932602e-05
        ],
        "B-B-2s-2p-0": [
            0.013456557877361774,
            0.03203718736767769,
            0.031574003398418427,
            0.019384317100048065
        ],
        "B-B-2p-2p-0": [
            -0.0009670343133620918,
            0.02866503596305847,
            0.028237974271178246,
            0.0002916380180977285
        ],
        "B-B-2p-2p-1": [
            0.027244025841355324,
            -0.020810751244425774,
            -0.021182771772146225,
            0.011127317324280739
        ]
    }
}