{
    "onsite": {
        "N-2s-0": [
            -0.047563377767801285
        ],
        "N-2p-0": [
            0.06299278885126114
        ],
        "N-2p-1": [
            0.05303964763879776
        ],
        "N-2p-2": [
            0.00024551627575419843
        ],
        "B-2s-0": [
            -0.011606485582888126
        ],
        "B-2p-0": [
            -0.01662565767765045
        ],
        "B-2p-1": [
            0.04895330220460892
        ],
        "B-2p-2": [
            -0.02157418243587017
        ]
    },
    "hopping": {
        "N-N-2s-2s-0": [
            0.004888918250799179,
            0.02807384729385376,
            0.02776351571083069,
            -0.02797180414199829
        ],
        "N-N-2s-2p-0": [
            0.052623189985752106,
            -0.02464503049850464,
            -0.02518470026552677,
            -0.01510587614029646
        ],
        "N-N-2p-2p-0": [
            0.009759417735040188,
            0.035491831600666046,
            0.03517815098166466,
            0.01281687431037426
        ],
        "N-N-2p-2p-1": [
            -0.017402775585651398,
            0.05276159197092056,
            0.05298396944999695,
            -0.015032944269478321
        ],
        "N-B-2s-2s-0": [
            -0.04694075137376785,
            -0.034015364944934845,
            -0.03753560408949852,
            0.01985497958958149
        ],
        "N-B-2s-2p-0": [
            -0.03856214880943298,
            0.0037074044812470675,
            0.019627342000603676,
            -0.014521213248372078
        ],
        "N-B-2p-2s-0": [
            -0.02423655055463314,
            0.043246619403362274,
            0.029791390523314476,
            0.027540450915694237
        ],
        "N-B-2p-2p-0": [
            0.07400234788656235,
            -0.05228001996874809,
            -0.050936538726091385,
            0.02211885340511799
        ],
        "N-B-2p-2p-1": [
            -0.020953599363565445,
            0.05550330877304077,
            0.05623706430196762,
            0.04205085709691048
        ],
        "B-B-2s-2s-0": [
            0.04999084770679474,
            -0.0038087288849055767,
            -0.003790665417909622,
            -0.021715160459280014
        ],
        "B-B-2s-2p-0": [
            0.04168224707245827,
            0.01815835013985634,
            0.017571695148944855,
            0.0025261035189032555
        ],
        "B-B-2p-2p-0": [
            0.014661423861980438,
            0.058790016919374466,
            0.058282606303691864,
            0.02322305552661419
        ],
        "B-B-2p-2p-1": [
            0.03918461501598358,
            -0.028909718617796898,
            -0.029192328453063965,
            0.015661245211958885
        ]
    }
}