{
    "onsite": {
        "N-N-2s-2s-0": [
            0.004236252047121525,
            0.064350426197052,
            0.0624723918735981,
            -0.024599459022283554
        ],
        "N-N-2s-2p-0": [
            -0.011331556364893913,
            0.0005504797445610166,
            -0.0004460152122192085,
            -0.0004415918083395809
        ],
        "N-N-2p-2p-0": [
            0.002685481682419777,
            0.07042945921421051,
            0.07324563711881638,
            0.017215874046087265
        ],
        "N-N-2p-2p-1": [
            -0.0082536730915308,
            0.05502147227525711,
            0.052498359233140945,
            -0.04831463843584061
        ],
        "N-B-2s-2s-0": [
            0.006928692106157541,
            0.10547661781311035,
            0.110826775431633,
            0.12845389544963837
        ],
        "N-B-2s-2p-0": [
            -0.08062528073787689,
            -0.011847917921841145,
            -0.0025596297346055508,
            0.0017167708138003945
        ],
        "N-B-2p-2p-0": [
            0.0015315352939069271,
            0.11054627597332001,
            0.11083723604679108,
            0.17530721426010132
        ],
        "N-B-2p-2p-1": [
            -0.00921592302620411,
            0.06491260975599289,
            0.05689011886715889,
            -0.04561639204621315
        ],
        "B-N-2s-2s-0": [
            -0.005899194628000259,
            0.15156212449073792,
            0.15162482857704163,
            0.1507815420627594
        ],
        "B-N-2s-2p-0": [
            0.32282644510269165,
            -0.14096926152706146,
            -0.10061468929052353,
            0.009289488196372986
        ],
        "B-N-2p-2p-0": [
            -0.03732188791036606,
            0.05816710740327835,
            0.05529366806149483,
            -0.010778962634503841
        ],
        "B-N-2p-2p-1": [
            0.013241338543593884,
            0.11488600075244904,
            0.11300115287303925,
            0.011597460135817528
        ],
        "B-B-2s-2s-0": [
            -0.00331733375787735,
            0.128865048289299,
            0.13466103374958038,
            0.17660385370254517
        ],
        "B-B-2s-2p-0": [
            0.00863626692444086,
            0.001187406713142991,
            -0.001191337825730443,
            -0.0021111411042511463
        ],
        "B-B-2p-2p-0": [
            -0.03427974507212639,
            0.07530228793621063,
            0.07538442313671112,
            0.009319299831986427
        ],
        "B-B-2p-2p-1": [
            0.013556999154388905,
            0.11776409298181534,
            0.11423375457525253,
            0.02141422964632511
        ]
    },
    "hopping": {
        "N-N-2s-2s-0": [
            -0.04040750116109848,
            0.07908431440591812,
            0.0777900367975235,
            -0.015843093395233154
        ],
        "N-N-2s-2p-0": [
            -0.04359804093837738,
            0.014265598729252815,
            0.014578345231711864,
            -0.17175427079200745
        ],
        "N-N-2p-2p-0": [
            0.031210029497742653,
            0.07579858601093292,
            0.07342303544282913,
            0.01592988148331642
        ],
        "N-N-2p-2p-1": [
            -0.021199315786361694,
            0.10919405519962311,
            0.10788273811340332,
            -0.0004947283305227757
        ],
        "N-B-2s-2s-0": [
            -0.05942414328455925,
            -0.11485771089792252,
            -0.03940054029226303,
            0.09324967861175537
        ],
        "N-B-2s-2p-0": [
            -0.11216212809085846,
            0.03287196159362793,
            -0.038517557084560394,
            -0.1547558456659317
        ],
        "N-B-2p-2s-0": [
            0.0449569895863533,
            0.15457911789417267,
            0.010777969844639301,
            0.060161054134368896
        ],
        "N-B-2p-2p-0": [
            -0.06715080887079239,
            -0.04267757385969162,
            -0.021352579817175865,
            -0.005419022403657436
        ],
        "N-B-2p-2p-1": [
            0.029310811311006546,
            0.08793888241052628,
            0.01601415127515793,
            -0.09305448830127716
        ],
        "B-B-2s-2s-0": [
            0.11340542137622833,
            -0.11991500854492188,
            -0.11697646230459213,
            0.009648775681853294
        ],
        "B-B-2s-2p-0": [
            0.09738582372665405,
            -0.013035176321864128,
            -0.015043112449347973,
            -0.11892320960760117
        ],
        "B-B-2p-2p-0": [
            0.023828106001019478,
            0.023024436086416245,
            0.022723689675331116,
            -0.07066012918949127
        ],
        "B-B-2p-2p-1": [
            0.017437342554330826,
            0.16403067111968994,
            0.16367466747760773,
            0.1459272801876068
        ]
    }
}