{
    "version": 2,
    "unit": "eV",
    "common_options": {
        "basis": {
            "Si": [
                "3s",
                "3p"
            ]
        },
        "device": "cpu",
        "dtype": "float32",
        "overlap": true
    },
    "model_options": {
        "nnsk": {
            "onsite": {
                "method": "NRL",
                "rc": 6.6147151362875,
                "w": 0.2645886054515,
                "lda": 1.517042837140912
            },
            "hopping": {
                "method": "NRL1",
                "rc": 6.6147151362875,
                "w": 0.2645886054515
            }
        }
    },
    "model_params": {
        "onsite": {
            "Si-3s-0": [
                -0.7242781465186467,
                -12.349108629101169,
                -120.1498233699409,
                769.6214351454472
            ],
            "Si-3p-0": [
                4.868929466977601,
                4.131337329837268,
                96.49469181636128,
                -1054.1493863419682
            ]
        },
        "hopping": {
            "Si-Si-3s-3s-0": [
                2987.2770523703775,
                -416.85931392897385,
                -753.3335086381961,
                1.738135839617497
            ],
            "Si-Si-3s-3p-0": [
                137.79420981142889,
                -113.22319395024688,
                11.013502291392534,
                1.2683722943630147
            ],
            "Si-Si-3p-3p-0": [
                -312.3734908328387,
                44.24279542724431,
                68.95104019693315,
                1.4177954447585202
            ],
            "Si-Si-3p-3p-1": [
                139.6685524393218,
                120.11742815429497,
                -107.67596847852917,
                1.5277405887687854
            ]
        },
        "overlap": {
            "Si-Si-3s-3s-0": [
                9.746427246194099,
                2.3569360238929495,
                -0.5502870702732275,
                1.5233364156496074
            ],
            "Si-Si-3s-3p-0": [
                16.768761923322074,
                -57.99684419121014,
                34.971872964934846,
                1.7054914546860056
            ],
            "Si-Si-3p-3p-0": [
                21.260342995500338,
                -4.178618273015186,
                -7.1474883718956805,
                1.5638674454024022
            ],
            "Si-Si-3p-3p-1": [
                -1308.0386246487092,
                1414.6889330892875,
                -93.24315909334297,
                2.1616536435817872
            ]
        }
    }
}