{
    "version": 1,
    "onsite": {
        "Sn-Sn-5s-5s-0": [
            -0.03759114816784859,
            0.01802266202867031
        ],
        "Sn-Sn-5s-5p-0": [
            0.004996950738132,
            0.002358559286221862
        ],
        "Sn-Sn-5s-d*-0": [
            0.016627172008156776,
            0.013646699488162994
        ],
        "Sn-Sn-5p-5p-0": [
            -0.0006466808845289052,
            0.010778575204312801
        ],
        "Sn-Sn-5p-5p-1": [
            -0.0015752662438899279,
            0.009779801592230797
        ],
        "Sn-Sn-5p-d*-0": [
            0.06621386110782623,
            0.010815584100782871
        ],
        "Sn-Sn-5p-d*-1": [
            -0.06426673382520676,
            0.01719255931675434
        ],
        "Sn-Sn-d*-d*-0": [
            0.16525769233703613,
            0.031552985310554504
        ],
        "Sn-Sn-d*-d*-1": [
            -0.03345109894871712,
            0.0015355480136349797
        ],
        "Sn-Sn-d*-d*-2": [
            0.06676425784826279,
            0.02063494548201561
        ]
    },
    "hopping": {
        "Sn-Sn-5s-5s-0": [
            0.09266405552625656,
            -4.964052677154541
        ],
        "Sn-Sn-5s-5p-0": [
            -0.09346018731594086,
            3.978102445602417
        ],
        "Sn-Sn-5s-d*-0": [
            0.03736664354801178,
            1.8082388639450073
        ],
        "Sn-Sn-5p-5p-0": [
            -0.17607921361923218,
            5.046314239501953
        ],
        "Sn-Sn-5p-5p-1": [
            0.16184431314468384,
            5.912688732147217
        ],
        "Sn-Sn-5p-d*-0": [
            0.06096290424466133,
            2.6083829402923584
        ],
        "Sn-Sn-5p-d*-1": [
            -0.15742354094982147,
            4.798215389251709
        ],
        "Sn-Sn-d*-d*-0": [
            0.20411869883537292,
            5.007485389709473
        ],
        "Sn-Sn-d*-d*-1": [
            -0.23693598806858063,
            9.547844886779785
        ],
        "Sn-Sn-d*-d*-2": [
            0.1348474621772766,
            3.488227128982544
        ]
    },
    "soc": {
        "Sn-5s-0":[0.0008239828748628497],
        "Sn-5p-0":[0.022752398625016212],
        "Sn-d*-0":[2.284213769598864e-05]
    }
}