{
    "onsite": {
        "Sn-Sn-5s-5s-0": [
            -0.03755110874772072,
            0.018063083291053772
        ],
        "Sn-Sn-5s-5p-0": [
            0.0036943897139281034,
            0.002359924605116248
        ],
        "Sn-Sn-5s-d*-0": [
            0.03332800418138504,
            0.013577520847320557
        ],
        "Sn-Sn-5p-5p-0": [
            -0.0006811128696426749,
            0.010776765644550323
        ],
        "Sn-Sn-5p-5p-1": [
            -0.0016096944455057383,
            0.00976245105266571
        ],
        "Sn-Sn-5p-d*-0": [
            0.06594549119472504,
            0.01108408160507679
        ],
        "Sn-Sn-5p-d*-1": [
            -0.06399836391210556,
            0.017461061477661133
        ],
        "Sn-Sn-d*-d*-0": [
            0.16491807997226715,
            0.031890593469142914
        ],
        "Sn-Sn-d*-d*-1": [
            -0.0333673320710659,
            0.0016282019205391407
        ],
        "Sn-Sn-d*-d*-2": [
            0.06666311621665955,
            0.02073589339852333
        ]
    },
    "hopping": {
        "Sn-Sn-5s-5s-0": [
            0.09264052659273148,
            -4.960756301879883
        ],
        "Sn-Sn-5s-5p-0": [
            -0.09358440339565277,
            3.979461431503296
        ],
        "Sn-Sn-5s-d*-0": [
            0.03730884939432144,
            1.7839994430541992
        ],
        "Sn-Sn-5p-5p-0": [
            -0.1761460155248642,
            5.038149356842041
        ],
        "Sn-Sn-5p-5p-1": [
            0.16174927353858948,
            5.910279750823975
        ],
        "Sn-Sn-5p-d*-0": [
            0.06091566011309624,
            2.598595142364502
        ],
        "Sn-Sn-5p-d*-1": [
            -0.1576756089925766,
            4.812145233154297
        ],
        "Sn-Sn-d*-d*-0": [
            0.20383241772651672,
            5.012724876403809
        ],
        "Sn-Sn-d*-d*-1": [
            -0.23682186007499695,
            9.557452201843262
        ],
        "Sn-Sn-d*-d*-2": [
            0.13491585850715637,
            3.4910905361175537
        ]
    },
    "soc": {
        "Sn": [
            0.0008239828748628497,
            0.022872136905789375,
            5.1121049182256684e-05
        ]
    }
}