{
    "onsite": {
        "Si-Si-3s-3s-0": [
            -0.018114928156137466,
            -0.008650677278637886
        ],
        "Si-Si-3s-3p-0": [
            -0.017135677859187126,
            -0.005544268060475588
        ],
        "Si-Si-3s-d*-0": [
            0.05936894565820694,
            0.014712013304233551
        ],
        "Si-Si-3p-3p-0": [
            -0.024627791717648506,
            -0.0011920762481167912
        ],
        "Si-Si-3p-3p-1": [
            0.0030095900874584913,
            -0.017430244013667107
        ],
        "Si-Si-3p-d*-0": [
            0.0037731428164988756,
            -0.015696221962571144
        ],
        "Si-Si-3p-d*-1": [
            0.004271846264600754,
            -0.02917567640542984
        ],
        "Si-Si-d*-d*-0": [
            0.013076411560177803,
            0.012887154705822468
        ],
        "Si-Si-d*-d*-1": [
            0.03761671483516693,
            -3.679042492876761e-05
        ],
        "Si-Si-d*-d*-2": [
            0.02238592877984047,
            3.6247460229787976e-05
        ]
    },
    "hopping": {
        "Si-Si-3s-3s-0": [
            0.10329076647758484,
            -0.13514594733715057
        ],
        "Si-Si-3s-3p-0": [
            0.12531229853630066,
            0.06703661382198334
        ],
        "Si-Si-3s-d*-0": [
            0.09577008336782455,
            2.2070122213335708e-05
        ],
        "Si-Si-3p-3p-0": [
            -0.2000649869441986,
            0.11205544322729111
        ],
        "Si-Si-3p-3p-1": [
            0.06923741847276688,
            -0.26197385787963867
        ],
        "Si-Si-3p-d*-0": [
            -0.05883365869522095,
            -7.219098188215867e-05
        ],
        "Si-Si-3p-d*-1": [
            0.11794192343950272,
            -1.2134482858527917e-06
        ],
        "Si-Si-d*-d*-0": [
            0.0031590289436280727,
            0.03107195533812046
        ],
        "Si-Si-d*-d*-1": [
            -0.13482768833637238,
            -3.0021212296560407e-05
        ],
        "Si-Si-d*-d*-2": [
            0.06992150843143463,
            9.518071601632982e-05
        ]
    }
}