{
    "onsite": {
        "N-N-2s-2s-0": [
            0.02462027035653591,
            0.007205560803413391
        ],
        "N-N-2s-2p-0": [
            0.008309782482683659,
            -0.007032226305454969
        ],
        "N-N-2p-2p-0": [
            0.012606431730091572,
            0.010783562436699867
        ],
        "N-N-2p-2p-1": [
            0.0068643586710095406,
            -0.011892829090356827
        ],
        "N-B-2s-2s-0": [
            -0.014339238405227661,
            -0.0061281053349375725
        ],
        "N-B-2s-2p-0": [
            1.5574064254760742,
            -2.4043655395507812
        ],
        "N-B-2p-2p-0": [
            -0.04458407312631607,
            0.05241280049085617
        ],
        "N-B-2p-2p-1": [
            -0.020573318004608154,
            -0.023225247859954834
        ],
        "B-N-2s-2s-0": [
            0.05028596147894859,
            -0.08507350087165833
        ],
        "B-N-2s-2p-0": [
            3.7017297744750977,
            5.059945106506348
        ],
        "B-N-2p-2p-0": [
            0.07312715798616409,
            -0.12006399035453796
        ],
        "B-N-2p-2p-1": [
            -0.014069618657231331,
            -0.0369277223944664
        ],
        "B-B-2s-2s-0": [
            -0.007172069512307644,
            0.007495054975152016
        ],
        "B-B-2s-2p-0": [
            0.004442985635250807,
            0.0030813836492598057
        ],
        "B-B-2p-2p-0": [
            -0.0013882589992135763,
            -6.591381679754704e-05
        ],
        "B-B-2p-2p-1": [
            -0.009361814707517624,
            -0.017272837460041046
        ]
    },
    "hopping": {
        "N-N-2s-2s-0": [
            0.0014104131842032075,
            0.0014066302683204412
        ],
        "N-N-2s-2p-0": [
            0.0001353615225525573,
            -0.00023137037351261824
        ],
        "N-N-2p-2p-0": [
            -0.0004482425865717232,
            -0.0022579680662602186
        ],
        "N-N-2p-2p-1": [
            0.00015436793910339475,
            0.001146753435023129
        ],
        "N-B-2s-2s-0": [
            0.2115667313337326,
            0.15736688673496246
        ],
        "N-B-2s-2p-0": [
            -0.22120188176631927,
            0.13008154928684235
        ],
        "N-B-2p-2s-0": [
            -0.2325008511543274,
            -0.24965354800224304
        ],
        "N-B-2p-2p-0": [
            -0.1883842945098877,
            -0.12433553487062454
        ],
        "N-B-2p-2p-1": [
            0.1268709897994995,
            -0.017199022695422173
        ],
        "B-B-2s-2s-0": [
            0.00028323789592832327,
            -0.0005719164619222283
        ],
        "B-B-2s-2p-0": [
            -0.00013202162517700344,
            -0.0012139735044911504
        ],
        "B-B-2p-2p-0": [
            0.0016095605678856373,
            0.00020209889044053853
        ],
        "B-B-2p-2p-1": [
            0.0006359077524393797,
            0.0014061961555853486
        ]
    }
}