{
    "onsite": {
        "N-N-2s-2s-0": [
            0.02462027035653591,
            0.007205560803413391
        ],
        "N-N-2s-2p-0": [
            0.008309782482683659,
            -0.007032226305454969
        ],
        "N-N-2p-2p-0": [
            0.012606431730091572,
            0.010783562436699867
        ],
        "N-N-2p-2p-1": [
            0.0068643586710095406,
            -0.011892829090356827
        ],
        "N-B-2s-2s-0": [
            -0.014536981470882893,
            0.01251822430640459
        ],
        "N-B-2s-2p-0": [
            5.25532341003418,
            -6.7494001388549805
        ],
        "N-B-2p-2p-0": [
            -0.04179000109434128,
            0.036810461431741714
        ],
        "N-B-2p-2p-1": [
            -0.020532365888357162,
            -0.0178817268460989
        ],
        "B-N-2s-2s-0": [
            0.048791203647851944,
            -0.07475699484348297
        ],
        "B-N-2s-2p-0": [
            7.228034496307373,
            9.031769752502441
        ],
        "B-N-2p-2p-0": [
            0.07377712428569794,
            -0.11169904470443726
        ],
        "B-N-2p-2p-1": [
            -0.014029102399945259,
            -0.022149648517370224
        ],
        "B-B-2s-2s-0": [
            -0.007172069512307644,
            0.007495054975152016
        ],
        "B-B-2s-2p-0": [
            0.004442985635250807,
            0.0030813836492598057
        ],
        "B-B-2p-2p-0": [
            -0.0013882589992135763,
            -6.591381679754704e-05
        ],
        "B-B-2p-2p-1": [
            -0.009361814707517624,
            -0.017272837460041046
        ]
    },
    "hopping": {
        "N-N-2s-2s-0": [
            0.0014104131842032075,
            0.0014066302683204412
        ],
        "N-N-2s-2p-0": [
            0.0001353615225525573,
            -0.00023137037351261824
        ],
        "N-N-2p-2p-0": [
            -0.0004482425865717232,
            -0.0022579680662602186
        ],
        "N-N-2p-2p-1": [
            0.00015436793910339475,
            0.001146753435023129
        ],
        "N-B-2s-2s-0": [
            0.21033154428005219,
            0.1556805968284607
        ],
        "N-B-2s-2p-0": [
            -0.2180364578962326,
            0.12014278024435043
        ],
        "N-B-2p-2s-0": [
            -0.23290692269802094,
            -0.2471688985824585
        ],
        "N-B-2p-2p-0": [
            -0.19265484809875488,
            -0.1257486492395401
        ],
        "N-B-2p-2p-1": [
            0.12736308574676514,
            -0.013310340233147144
        ],
        "B-B-2s-2s-0": [
            0.00028323789592832327,
            -0.0005719164619222283
        ],
        "B-B-2s-2p-0": [
            -0.00013202162517700344,
            -0.0012139735044911504
        ],
        "B-B-2p-2p-0": [
            0.0016095605678856373,
            0.00020209889044053853
        ],
        "B-B-2p-2p-1": [
            0.0006359077524393797,
            0.0014061961555853486
        ]
    }
}