{   
    "structure":"../data/VASP/POSCAR",
    "task_options": {
        "task": "band",
        "kline_type":"vasp",
        "high_sym_kpoints":{
            "G":[0.0000000000,   0.0000000000,   0.0000000000],               
            "X":[0.5000000000,   0.0000000000,   0.5000000000],                   
            "U":[0.6250000000,   0.2500000000,   0.6250000000],                       
            "K":[0.3750000000,   0.3750000000,   0.7500000000],               
            "L":[0.5000000000,   0.5000000000,   0.5000000000],                    
            "W":[0.5000000000,   0.2500000000,   0.7500000000]      
        },
        "kpath":["G-X","X-U","K-G","G-L","L-W","W-X"],
        "number_in_line":30,
        "nel_atom":{"As":5,"Ga":3},
        "E_fermi": null,
        "emin":-15,
        "emax":15,
        "ref_band": "../data/vasp_ase/AsGa.0/eigenvalues.npy"
    }
}
