{
    "onsite": {},
    "hopping": {
        "N-N-2s-2s-0": [
            0.0014104131842032075,
            0.0014066302683204412
        ],
        "N-N-2s-2p-0": [
            0.0001353615225525573,
            -0.00023137037351261824
        ],
        "N-N-2p-2p-0": [
            -0.0004482425865717232,
            -0.0022579680662602186
        ],
        "N-N-2p-2p-1": [
            0.00015436793910339475,
            0.001146753435023129
        ],
        "N-B-2s-2s-0": [
            0.09277403354644775,
            0.08962155878543854
        ],
        "N-B-2s-2p-0": [
            0.00624946691095829,
            0.026648590341210365
        ],
        "N-B-2p-2s-0": [
            -0.09467561542987823,
            -0.09104955941438675
        ],
        "N-B-2p-2p-0": [
            0.0049276892095804214,
            0.0019146199338138103
        ],
        "N-B-2p-2p-1": [
            0.005960129201412201,
            0.0017856418853625655
        ],
        "B-B-2s-2s-0": [
            0.00028323789592832327,
            -0.0005719164619222283
        ],
        "B-B-2s-2p-0": [
            -0.00013202162517700344,
            -0.0012139735044911504
        ],
        "B-B-2p-2p-0": [
            0.0016095605678856373,
            0.00020209889044053853
        ],
        "B-B-2p-2p-1": [
            0.0006359077524393797,
            0.0014061961555853486
        ]
    }
}