{
    "onsite": {
        "Si-3s-0": [
            -0.0532334619024,
            -0.907642743186,
            -8.83084913674,
            56.5661321469
        ],
        "Si-3p-0": [
            0.357859715265,
            0.303647693101,
            7.0922290356,
            -77.4785508399
        ]
    },
    "hopping": {
        "Si-Si-3s-3s-0": [
            219.560813651,
            -30.638594458996728,
            -55.36899162932328,
            1.738135839617497
        ],
        "Si-Si-3s-3p-0": [
            10.1276876206,
            -8.321751264468586,
            0.8094774879773975,
            1.2683722943630147
        ],
        "Si-Si-3p-3p-0": [
            -22.9590281075,
            3.2517854862147932,
            5.0678079810872685,
            1.4177954447585202
        ],
        "Si-Si-3p-3p-1": [
            10.2654492628,
            8.828468132306556,
            -7.91403771238628,
            1.5277405887687854
        ]
    },
    "overlap": {
        "Si-Si-3s-3s-0": [
            9.746427246194099,
            2.3569360238929495,
            -0.5502870702732275,
            1.5233364156496074
        ],
        "Si-Si-3s-3p-0": [
            16.768761923322074,
            -57.99684419121014,
            34.971872964934846,
            1.7054914546860056
        ],
        "Si-Si-3p-3p-0": [
            21.260342995500338,
            -4.178618273015186,
            -7.1474883718956805,
            1.5638674454024022
        ],
        "Si-Si-3p-3p-1": [
            -1308.0386246487092,
            1414.6889330892875,
            -93.24315909334297,
            2.1616536435817872
        ]
    }
}